Ceritinib,Ceritinib,1.0
Ceritinib,Ibrutinib,0.16923076923076924
Ceritinib,Lenvatinib,0.3157894736842105
Ceritinib,Nintedanib,0.16666666666666666
Ceritinib,Regorafenib,0.23728813559322035
Ceritinib,Sunitinib,0.13636363636363635
Ceritinib,Afatinib,0.328125
Ceritinib,Axitinib,0.20689655172413793
Ceritinib,Bosutinib,0.27586206896551724
Ceritinib,Cabozantinib,0.20689655172413793
Ceritinib,Crizotinib,0.4
Ceritinib,Dabrafenib,0.23333333333333334
Ceritinib,Dasatinib,0.31666666666666665
Ceritinib,Erlotinib,0.24528301886792453
Ceritinib,Gefitinib,0.2711864406779661
Ceritinib,Imatinib,0.3103448275862069
Ceritinib,Lapatinib,0.3114754098360656
Ceritinib,Nilotinib,0.2786885245901639
Ceritinib,Pazopanib,0.32142857142857145
Ceritinib,Ponatinib,0.208955223880597
Ceritinib,Ruxolitinib,0.22807017543859648
Ceritinib,Sorafenib,0.22807017543859648
Ceritinib,Tofacitinib,0.1875
Ceritinib,Trametinib,0.21212121212121213
Ceritinib,Vandetanib,0.27586206896551724
Ceritinib,Vemurafenib,0.26666666666666666
Ibrutinib,Ceritinib,0.16923076923076924
Ibrutinib,Ibrutinib,1.0
Ibrutinib,Lenvatinib,0.26785714285714285
Ibrutinib,Nintedanib,0.1774193548387097
Ibrutinib,Regorafenib,0.1896551724137931
Ibrutinib,Sunitinib,0.12698412698412698
Ibrutinib,Afatinib,0.208955223880597
Ibrutinib,Axitinib,0.17857142857142858
Ibrutinib,Bosutinib,0.12903225806451613
Ibrutinib,Cabozantinib,0.2222222222222222
Ibrutinib,Crizotinib,0.25862068965517243
Ibrutinib,Dabrafenib,0.16666666666666666
Ibrutinib,Dasatinib,0.19047619047619047
Ibrutinib,Erlotinib,0.14814814814814814
Ibrutinib,Gefitinib,0.16393442622950818
Ibrutinib,Imatinib,0.22033898305084745
Ibrutinib,Lapatinib,0.16923076923076924
Ibrutinib,Nilotinib,0.1935483870967742
Ibrutinib,Pazopanib,0.16666666666666666
Ibrutinib,Ponatinib,0.18461538461538463
Ibrutinib,Ruxolitinib,0.24528301886792453
Ibrutinib,Sorafenib,0.2
Ibrutinib,Tofacitinib,0.2857142857142857
Ibrutinib,Trametinib,0.20634920634920634
Ibrutinib,Vandetanib,0.20689655172413793
Ibrutinib,Vemurafenib,0.14285714285714285
Lenvatinib,Ceritinib,0.3157894736842105
Lenvatinib,Ibrutinib,0.26785714285714285
Lenvatinib,Lenvatinib,1.0
Lenvatinib,Nintedanib,0.22033898305084745
Lenvatinib,Regorafenib,0.44680851063829785
Lenvatinib,Sunitinib,0.14754098360655737
Lenvatinib,Afatinib,0.40350877192982454
Lenvatinib,Axitinib,0.27450980392156865
Lenvatinib,Bosutinib,0.35294117647058826
Lenvatinib,Cabozantinib,0.5116279069767442
Lenvatinib,Crizotinib,0.3090909090909091
Lenvatinib,Dabrafenib,0.1896551724137931
Lenvatinib,Dasatinib,0.27586206896551724
Lenvatinib,Erlotinib,0.2708333333333333
Lenvatinib,Gefitinib,0.34615384615384615
Lenvatinib,Imatinib,0.26785714285714285
Lenvatinib,Lapatinib,0.2711864406779661
Lenvatinib,Nilotinib,0.23728813559322035
Lenvatinib,Pazopanib,0.2545454545454545
Lenvatinib,Ponatinib,0.22580645161290322
Lenvatinib,Ruxolitinib,0.18181818181818182
Lenvatinib,Sorafenib,0.4444444444444444
Lenvatinib,Tofacitinib,0.24561403508771928
Lenvatinib,Trametinib,0.22950819672131148
Lenvatinib,Vandetanib,0.35294117647058826
Lenvatinib,Vemurafenib,0.2909090909090909
Nintedanib,Ceritinib,0.16666666666666666
Nintedanib,Ibrutinib,0.1774193548387097
Nintedanib,Lenvatinib,0.22033898305084745
Nintedanib,Nintedanib,1.0
Nintedanib,Regorafenib,0.20689655172413793
Nintedanib,Sunitinib,0.3090909090909091
Nintedanib,Afatinib,0.24242424242424243
Nintedanib,Axitinib,0.19642857142857142
Nintedanib,Bosutinib,0.24561403508771928
Nintedanib,Cabozantinib,0.28846153846153844
Nintedanib,Crizotinib,0.13846153846153847
Nintedanib,Dabrafenib,0.12698412698412698
Nintedanib,Dasatinib,0.288135593220339
Nintedanib,Erlotinib,0.21153846153846154
Nintedanib,Gefitinib,0.2631578947368421
Nintedanib,Imatinib,0.37735849056603776
Nintedanib,Lapatinib,0.18461538461538463
Nintedanib,Nilotinib,0.22950819672131148
Nintedanib,Pazopanib,0.24561403508771928
Nintedanib,Ponatinib,0.3448275862068966
Nintedanib,Ruxolitinib,0.13559322033898305
Nintedanib,Sorafenib,0.21818181818181817
Nintedanib,Tofacitinib,0.2807017543859649
Nintedanib,Trametinib,0.26229508196721313
Nintedanib,Vandetanib,0.26785714285714285
Nintedanib,Vemurafenib,0.1774193548387097
Regorafenib,Ceritinib,0.23728813559322035
Regorafenib,Ibrutinib,0.1896551724137931
Regorafenib,Lenvatinib,0.44680851063829785
Regorafenib,Nintedanib,0.20689655172413793
Regorafenib,Regorafenib,1.0
Regorafenib,Sunitinib,0.21428571428571427
Regorafenib,Afatinib,0.3684210526315789
Regorafenib,Axitinib,0.3125
Regorafenib,Bosutinib,0.21818181818181817
Regorafenib,Cabozantinib,0.4318181818181818
Regorafenib,Crizotinib,0.2727272727272727
Regorafenib,Dabrafenib,0.2641509433962264
Regorafenib,Dasatinib,0.3090909090909091
Regorafenib,Erlotinib,0.20408163265306123
Regorafenib,Gefitinib,0.3076923076923077
Regorafenib,Imatinib,0.3018867924528302
Regorafenib,Lapatinib,0.2807017543859649
Regorafenib,Nilotinib,0.39215686274509803
Regorafenib,Pazopanib,0.21818181818181817
Regorafenib,Ponatinib,0.37037037037037035
Regorafenib,Ruxolitinib,0.10526315789473684
Regorafenib,Sorafenib,0.9090909090909091
Regorafenib,Tofacitinib,0.1694915254237288
Regorafenib,Trametinib,0.25862068965517243
Regorafenib,Vandetanib,0.24074074074074073
Regorafenib,Vemurafenib,0.35294117647058826
Sunitinib,Ceritinib,0.13636363636363635
Sunitinib,Ibrutinib,0.12698412698412698
Sunitinib,Lenvatinib,0.14754098360655737
Sunitinib,Nintedanib,0.3090909090909091
Sunitinib,Regorafenib,0.21428571428571427
Sunitinib,Sunitinib,1.0
Sunitinib,Afatinib,0.21212121212121213
Sunitinib,Axitinib,0.22641509433962265
Sunitinib,Bosutinib,0.09523809523809523
Sunitinib,Cabozantinib,0.25
Sunitinib,Crizotinib,0.125
Sunitinib,Dabrafenib,0.15
Sunitinib,Dasatinib,0.1935483870967742
Sunitinib,Erlotinib,0.12962962962962962
Sunitinib,Gefitinib,0.14754098360655737
Sunitinib,Imatinib,0.2033898305084746
Sunitinib,Lapatinib,0.20967741935483872
Sunitinib,Nilotinib,0.21666666666666667
Sunitinib,Pazopanib,0.1694915254237288
Sunitinib,Ponatinib,0.20634920634920634
Sunitinib,Ruxolitinib,0.1016949152542373
Sunitinib,Sorafenib,0.2037037037037037
Sunitinib,Tofacitinib,0.18333333333333332
Sunitinib,Trametinib,0.22950819672131148
Sunitinib,Vandetanib,0.15
Sunitinib,Vemurafenib,0.26785714285714285
Afatinib,Ceritinib,0.328125
Afatinib,Ibrutinib,0.208955223880597
Afatinib,Lenvatinib,0.40350877192982454
Afatinib,Nintedanib,0.24242424242424243
Afatinib,Regorafenib,0.3684210526315789
Afatinib,Sunitinib,0.21212121212121213
Afatinib,Afatinib,1.0
Afatinib,Axitinib,0.22950819672131148
Afatinib,Bosutinib,0.29508196721311475
Afatinib,Cabozantinib,0.36363636363636365
Afatinib,Crizotinib,0.30158730158730157
Afatinib,Dabrafenib,0.1791044776119403
Afatinib,Dasatinib,0.2727272727272727
Afatinib,Erlotinib,0.3148148148148148
Afatinib,Gefitinib,0.5094339622641509
Afatinib,Imatinib,0.265625
Afatinib,Lapatinib,0.39344262295081966
Afatinib,Nilotinib,0.23880597014925373
Afatinib,Pazopanib,0.25396825396825395
Afatinib,Ponatinib,0.22857142857142856
Afatinib,Ruxolitinib,0.19047619047619047
Afatinib,Sorafenib,0.3157894736842105
Afatinib,Tofacitinib,0.2857142857142857
Afatinib,Trametinib,0.2878787878787879
Afatinib,Vandetanib,0.4107142857142857
Afatinib,Vemurafenib,0.3064516129032258
Axitinib,Ceritinib,0.20689655172413793
Axitinib,Ibrutinib,0.17857142857142858
Axitinib,Lenvatinib,0.27450980392156865
Axitinib,Nintedanib,0.19642857142857142
Axitinib,Regorafenib,0.3125
Axitinib,Sunitinib,0.22641509433962265
Axitinib,Afatinib,0.22950819672131148
Axitinib,Axitinib,1.0
Axitinib,Bosutinib,0.14285714285714285
Axitinib,Cabozantinib,0.2765957446808511
Axitinib,Crizotinib,0.15517241379310345
Axitinib,Dabrafenib,0.20754716981132076
Axitinib,Dasatinib,0.23214285714285715
Axitinib,Erlotinib,0.21739130434782608
Axitinib,Gefitinib,0.16071428571428573
Axitinib,Imatinib,0.29411764705882354
Axitinib,Lapatinib,0.1864406779661017
Axitinib,Nilotinib,0.2830188679245283
Axitinib,Pazopanib,0.20754716981132076
Axitinib,Ponatinib,0.24561403508771928
Axitinib,Ruxolitinib,0.17647058823529413
Axitinib,Sorafenib,0.3333333333333333
Axitinib,Tofacitinib,0.24528301886792453
Axitinib,Trametinib,0.16666666666666666
Axitinib,Vandetanib,0.16363636363636364
Axitinib,Vemurafenib,0.2692307692307692
Bosutinib,Ceritinib,0.27586206896551724
Bosutinib,Ibrutinib,0.12903225806451613
Bosutinib,Lenvatinib,0.35294117647058826
Bosutinib,Nintedanib,0.24561403508771928
Bosutinib,Regorafenib,0.21818181818181817
Bosutinib,Sunitinib,0.09523809523809523
Bosutinib,Afatinib,0.29508196721311475
Bosutinib,Axitinib,0.14285714285714285
Bosutinib,Bosutinib,1.0
Bosutinib,Cabozantinib,0.28
Bosutinib,Crizotinib,0.24561403508771928
Bosutinib,Dabrafenib,0.11475409836065574
Bosutinib,Dasatinib,0.35185185185185186
Bosutinib,Erlotinib,0.36363636363636365
Bosutinib,Gefitinib,0.5681818181818182
Bosutinib,Imatinib,0.32075471698113206
Bosutinib,Lapatinib,0.2982456140350877
Bosutinib,Nilotinib,0.18032786885245902
Bosutinib,Pazopanib,0.23636363636363636
Bosutinib,Ponatinib,0.29310344827586204
Bosutinib,Ruxolitinib,0.2549019607843137
Bosutinib,Sorafenib,0.20754716981132076
Bosutinib,Tofacitinib,0.25
Bosutinib,Trametinib,0.15625
Bosutinib,Vandetanib,0.4782608695652174
Bosutinib,Vemurafenib,0.22807017543859648
Cabozantinib,Ceritinib,0.20689655172413793
Cabozantinib,Ibrutinib,0.2222222222222222
Cabozantinib,Lenvatinib,0.5116279069767442
Cabozantinib,Nintedanib,0.28846153846153844
Cabozantinib,Regorafenib,0.4318181818181818
Cabozantinib,Sunitinib,0.25
Cabozantinib,Afatinib,0.36363636363636365
Cabozantinib,Axitinib,0.2765957446808511
Cabozantinib,Bosutinib,0.28
Cabozantinib,Cabozantinib,1.0
Cabozantinib,Crizotinib,0.21818181818181817
Cabozantinib,Dabrafenib,0.20754716981132076
Cabozantinib,Dasatinib,0.23214285714285715
Cabozantinib,Erlotinib,0.3333333333333333
Cabozantinib,Gefitinib,0.3829787234042553
Cabozantinib,Imatinib,0.29411764705882354
Cabozantinib,Lapatinib,0.32075471698113206
Cabozantinib,Nilotinib,0.2830188679245283
Cabozantinib,Pazopanib,0.28
Cabozantinib,Ponatinib,0.2909090909090909
Cabozantinib,Ruxolitinib,0.15384615384615385
Cabozantinib,Sorafenib,0.42857142857142855
Cabozantinib,Tofacitinib,0.2222222222222222
Cabozantinib,Trametinib,0.25
Cabozantinib,Vandetanib,0.3617021276595745
Cabozantinib,Vemurafenib,0.2692307692307692
Crizotinib,Ceritinib,0.4
Crizotinib,Ibrutinib,0.25862068965517243
Crizotinib,Lenvatinib,0.3090909090909091
Crizotinib,Nintedanib,0.13846153846153847
Crizotinib,Regorafenib,0.2727272727272727
Crizotinib,Sunitinib,0.125
Crizotinib,Afatinib,0.30158730158730157
Crizotinib,Axitinib,0.15517241379310345
Crizotinib,Bosutinib,0.24561403508771928
Crizotinib,Cabozantinib,0.21818181818181817
Crizotinib,Crizotinib,1.0
Crizotinib,Dabrafenib,0.18333333333333332
Crizotinib,Dasatinib,0.20634920634920634
Crizotinib,Erlotinib,0.16666666666666666
Crizotinib,Gefitinib,0.3090909090909091
Crizotinib,Imatinib,0.1774193548387097
Crizotinib,Lapatinib,0.26229508196721313
Crizotinib,Nilotinib,0.19047619047619047
Crizotinib,Pazopanib,0.16393442622950818
Crizotinib,Ponatinib,0.18181818181818182
Crizotinib,Ruxolitinib,0.28846153846153844
Crizotinib,Sorafenib,0.24074074074074073
Crizotinib,Tofacitinib,0.1774193548387097
Crizotinib,Trametinib,0.203125
Crizotinib,Vandetanib,0.2909090909090909
Crizotinib,Vemurafenib,0.25862068965517243
Dabrafenib,Ceritinib,0.23333333333333334
Dabrafenib,Ibrutinib,0.16666666666666666
Dabrafenib,Lenvatinib,0.1896551724137931
Dabrafenib,Nintedanib,0.12698412698412698
Dabrafenib,Regorafenib,0.2641509433962264
Dabrafenib,Sunitinib,0.15
Dabrafenib,Afatinib,0.1791044776119403
Dabrafenib,Axitinib,0.20754716981132076
Dabrafenib,Bosutinib,0.11475409836065574
Dabrafenib,Cabozantinib,0.20754716981132076
Dabrafenib,Crizotinib,0.18333333333333332
Dabrafenib,Dabrafenib,1.0
Dabrafenib,Dasatinib,0.19672131147540983
Dabrafenib,Erlotinib,0.15384615384615385
Dabrafenib,Gefitinib,0.1694915254237288
Dabrafenib,Imatinib,0.22807017543859648
Dabrafenib,Lapatinib,0.23333333333333334
Dabrafenib,Nilotinib,0.2631578947368421
Dabrafenib,Pazopanib,0.25925925925925924
Dabrafenib,Ponatinib,0.19047619047619047
Dabrafenib,Ruxolitinib,0.12280701754385964
Dabrafenib,Sorafenib,0.20754716981132076
Dabrafenib,Tofacitinib,0.12903225806451613
Dabrafenib,Trametinib,0.1746031746031746
Dabrafenib,Vandetanib,0.19298245614035087
Dabrafenib,Vemurafenib,0.2962962962962963
Dasatinib,Ceritinib,0.31666666666666665
Dasatinib,Ibrutinib,0.19047619047619047
Dasatinib,Lenvatinib,0.27586206896551724
Dasatinib,Nintedanib,0.288135593220339
Dasatinib,Regorafenib,0.3090909090909091
Dasatinib,Sunitinib,0.1935483870967742
Dasatinib,Afatinib,0.2727272727272727
Dasatinib,Axitinib,0.23214285714285715
Dasatinib,Bosutinib,0.35185185185185186
Dasatinib,Cabozantinib,0.23214285714285715
Dasatinib,Crizotinib,0.20634920634920634
Dasatinib,Dabrafenib,0.19672131147540983
Dasatinib,Dasatinib,1.0
Dasatinib,Erlotinib,0.22641509433962265
Dasatinib,Gefitinib,0.32142857142857145
Dasatinib,Imatinib,0.5
Dasatinib,Lapatinib,0.25396825396825395
Dasatinib,Nilotinib,0.3508771929824561
Dasatinib,Pazopanib,0.25862068965517243
Dasatinib,Ponatinib,0.42857142857142855
Dasatinib,Ruxolitinib,0.1694915254237288
Dasatinib,Sorafenib,0.3269230769230769
Dasatinib,Tofacitinib,0.22950819672131148
Dasatinib,Trametinib,0.25396825396825395
Dasatinib,Vandetanib,0.23728813559322035
Dasatinib,Vemurafenib,0.25
Erlotinib,Ceritinib,0.24528301886792453
Erlotinib,Ibrutinib,0.14814814814814814
Erlotinib,Lenvatinib,0.2708333333333333
Erlotinib,Nintedanib,0.21153846153846154
Erlotinib,Regorafenib,0.20408163265306123
Erlotinib,Sunitinib,0.12962962962962962
Erlotinib,Afatinib,0.3148148148148148
Erlotinib,Axitinib,0.21739130434782608
Erlotinib,Bosutinib,0.36363636363636365
Erlotinib,Cabozantinib,0.3333333333333333
Erlotinib,Crizotinib,0.16666666666666666
Erlotinib,Dabrafenib,0.15384615384615385
Erlotinib,Dasatinib,0.22641509433962265
Erlotinib,Erlotinib,1.0
Erlotinib,Gefitinib,0.4523809523809524
Erlotinib,Imatinib,0.24
Erlotinib,Lapatinib,0.375
Erlotinib,Nilotinib,0.20754716981132076
Erlotinib,Pazopanib,0.2765957446808511
Erlotinib,Ponatinib,0.21818181818181817
Erlotinib,Ruxolitinib,0.21739130434782608
Erlotinib,Sorafenib,0.21739130434782608
Erlotinib,Tofacitinib,0.21568627450980393
Erlotinib,Trametinib,0.15789473684210525
Erlotinib,Vandetanib,0.3953488372093023
Erlotinib,Vemurafenib,0.19230769230769232
Gefitinib,Ceritinib,0.2711864406779661
Gefitinib,Ibrutinib,0.16393442622950818
Gefitinib,Lenvatinib,0.34615384615384615
Gefitinib,Nintedanib,0.2631578947368421
Gefitinib,Regorafenib,0.3076923076923077
Gefitinib,Sunitinib,0.14754098360655737
Gefitinib,Afatinib,0.5094339622641509
Gefitinib,Axitinib,0.16071428571428573
Gefitinib,Bosutinib,0.5681818181818182
Gefitinib,Cabozantinib,0.3829787234042553
Gefitinib,Crizotinib,0.3090909090909091
Gefitinib,Dabrafenib,0.1694915254237288
Gefitinib,Dasatinib,0.32142857142857145
Gefitinib,Erlotinib,0.4523809523809524
Gefitinib,Gefitinib,1.0
Gefitinib,Imatinib,0.2909090909090909
Gefitinib,Lapatinib,0.47058823529411764
Gefitinib,Nilotinib,0.19672131147540983
Gefitinib,Pazopanib,0.2777777777777778
Gefitinib,Ponatinib,0.26666666666666666
Gefitinib,Ruxolitinib,0.2037037037037037
Gefitinib,Sorafenib,0.27450980392156865
Gefitinib,Tofacitinib,0.22413793103448276
Gefitinib,Trametinib,0.22950819672131148
Gefitinib,Vandetanib,0.5681818181818182
Gefitinib,Vemurafenib,0.26785714285714285
Imatinib,Ceritinib,0.3103448275862069
Imatinib,Ibrutinib,0.22033898305084745
Imatinib,Lenvatinib,0.26785714285714285
Imatinib,Nintedanib,0.37735849056603776
Imatinib,Regorafenib,0.3018867924528302
Imatinib,Sunitinib,0.2033898305084746
Imatinib,Afatinib,0.265625
Imatinib,Axitinib,0.29411764705882354
Imatinib,Bosutinib,0.32075471698113206
Imatinib,Cabozantinib,0.29411764705882354
Imatinib,Crizotinib,0.1774193548387097
Imatinib,Dabrafenib,0.22807017543859648
Imatinib,Dasatinib,0.5
Imatinib,Erlotinib,0.24
Imatinib,Gefitinib,0.2909090909090909
Imatinib,Imatinib,1.0
Imatinib,Lapatinib,0.26666666666666666
Imatinib,Nilotinib,0.6086956521739131
Imatinib,Pazopanib,0.34615384615384615
Imatinib,Ponatinib,0.5714285714285714
Imatinib,Ruxolitinib,0.2
Imatinib,Sorafenib,0.29411764705882354
Imatinib,Tofacitinib,0.2413793103448276
Imatinib,Trametinib,0.3103448275862069
Imatinib,Vandetanib,0.2962962962962963
Imatinib,Vemurafenib,0.2631578947368421
Lapatinib,Ceritinib,0.3114754098360656
Lapatinib,Ibrutinib,0.16923076923076924
Lapatinib,Lenvatinib,0.2711864406779661
Lapatinib,Nintedanib,0.18461538461538463
Lapatinib,Regorafenib,0.2807017543859649
Lapatinib,Sunitinib,0.20967741935483872
Lapatinib,Afatinib,0.39344262295081966
Lapatinib,Axitinib,0.1864406779661017
Lapatinib,Bosutinib,0.2982456140350877
Lapatinib,Cabozantinib,0.32075471698113206
Lapatinib,Crizotinib,0.26229508196721313
Lapatinib,Dabrafenib,0.23333333333333334
Lapatinib,Dasatinib,0.25396825396825395
Lapatinib,Erlotinib,0.375
Lapatinib,Gefitinib,0.47058823529411764
Lapatinib,Imatinib,0.26666666666666666
Lapatinib,Lapatinib,1.0
Lapatinib,Nilotinib,0.21875
Lapatinib,Pazopanib,0.2982456140350877
Lapatinib,Ponatinib,0.208955223880597
Lapatinib,Ruxolitinib,0.16666666666666666
Lapatinib,Sorafenib,0.2727272727272727
Lapatinib,Tofacitinib,0.16923076923076924
Lapatinib,Trametinib,0.19402985074626866
Lapatinib,Vandetanib,0.34545454545454546
Lapatinib,Vemurafenib,0.3333333333333333
Nilotinib,Ceritinib,0.2786885245901639
Nilotinib,Ibrutinib,0.1935483870967742
Nilotinib,Lenvatinib,0.23728813559322035
Nilotinib,Nintedanib,0.22950819672131148
Nilotinib,Regorafenib,0.39215686274509803
Nilotinib,Sunitinib,0.21666666666666667
Nilotinib,Afatinib,0.23880597014925373
Nilotinib,Axitinib,0.2830188679245283
Nilotinib,Bosutinib,0.18032786885245902
Nilotinib,Cabozantinib,0.2830188679245283
Nilotinib,Crizotinib,0.19047619047619047
Nilotinib,Dabrafenib,0.2631578947368421
Nilotinib,Dasatinib,0.3508771929824561
Nilotinib,Erlotinib,0.20754716981132076
Nilotinib,Gefitinib,0.19672131147540983
Nilotinib,Imatinib,0.6086956521739131
Nilotinib,Lapatinib,0.21875
Nilotinib,Nilotinib,1.0
Nilotinib,Pazopanib,0.3333333333333333
Nilotinib,Ponatinib,0.46296296296296297
Nilotinib,Ruxolitinib,0.1724137931034483
Nilotinib,Sorafenib,0.3877551020408163
Nilotinib,Tofacitinib,0.1746031746031746
Nilotinib,Trametinib,0.3
Nilotinib,Vandetanib,0.2
Nilotinib,Vemurafenib,0.2542372881355932
Pazopanib,Ceritinib,0.32142857142857145
Pazopanib,Ibrutinib,0.16666666666666666
Pazopanib,Lenvatinib,0.2545454545454545
Pazopanib,Nintedanib,0.24561403508771928
Pazopanib,Regorafenib,0.21818181818181817
Pazopanib,Sunitinib,0.1694915254237288
Pazopanib,Afatinib,0.25396825396825395
Pazopanib,Axitinib,0.20754716981132076
Pazopanib,Bosutinib,0.23636363636363636
Pazopanib,Cabozantinib,0.28
Pazopanib,Crizotinib,0.16393442622950818
Pazopanib,Dabrafenib,0.25925925925925924
Pazopanib,Dasatinib,0.25862068965517243
Pazopanib,Erlotinib,0.2765957446808511
Pazopanib,Gefitinib,0.2777777777777778
Pazopanib,Imatinib,0.34615384615384615
Pazopanib,Lapatinib,0.2982456140350877
Pazopanib,Nilotinib,0.3333333333333333
Pazopanib,Pazopanib,1.0
Pazopanib,Ponatinib,0.25
Pazopanib,Ruxolitinib,0.14285714285714285
Pazopanib,Sorafenib,0.23076923076923078
Pazopanib,Tofacitinib,0.22807017543859648
Pazopanib,Trametinib,0.1935483870967742
Pazopanib,Vandetanib,0.25925925925925924
Pazopanib,Vemurafenib,0.20689655172413793
Ponatinib,Ceritinib,0.208955223880597
Ponatinib,Ibrutinib,0.18461538461538463
Ponatinib,Lenvatinib,0.22580645161290322
Ponatinib,Nintedanib,0.3448275862068966
Ponatinib,Regorafenib,0.37037037037037035
Ponatinib,Sunitinib,0.20634920634920634
Ponatinib,Afatinib,0.22857142857142856
Ponatinib,Axitinib,0.24561403508771928
Ponatinib,Bosutinib,0.29310344827586204
Ponatinib,Cabozantinib,0.2909090909090909
Ponatinib,Crizotinib,0.18181818181818182
Ponatinib,Dabrafenib,0.19047619047619047
Ponatinib,Dasatinib,0.42857142857142855
Ponatinib,Erlotinib,0.21818181818181817
Ponatinib,Gefitinib,0.26666666666666666
Ponatinib,Imatinib,0.5714285714285714
Ponatinib,Lapatinib,0.208955223880597
Ponatinib,Nilotinib,0.46296296296296297
Ponatinib,Pazopanib,0.25
Ponatinib,Ponatinib,1.0
Ponatinib,Ruxolitinib,0.2033898305084746
Ponatinib,Sorafenib,0.39215686274509803
Ponatinib,Tofacitinib,0.24193548387096775
Ponatinib,Trametinib,0.265625
Ponatinib,Vandetanib,0.25
Ponatinib,Vemurafenib,0.2222222222222222
Ruxolitinib,Ceritinib,0.22807017543859648
Ruxolitinib,Ibrutinib,0.24528301886792453
Ruxolitinib,Lenvatinib,0.18181818181818182
Ruxolitinib,Nintedanib,0.13559322033898305
Ruxolitinib,Regorafenib,0.10526315789473684
Ruxolitinib,Sunitinib,0.1016949152542373
Ruxolitinib,Afatinib,0.19047619047619047
Ruxolitinib,Axitinib,0.17647058823529413
Ruxolitinib,Bosutinib,0.2549019607843137
Ruxolitinib,Cabozantinib,0.15384615384615385
Ruxolitinib,Crizotinib,0.28846153846153844
Ruxolitinib,Dabrafenib,0.12280701754385964
Ruxolitinib,Dasatinib,0.1694915254237288
Ruxolitinib,Erlotinib,0.21739130434782608
Ruxolitinib,Gefitinib,0.2037037037037037
Ruxolitinib,Imatinib,0.2
Ruxolitinib,Lapatinib,0.16666666666666666
Ruxolitinib,Nilotinib,0.1724137931034483
Ruxolitinib,Pazopanib,0.14285714285714285
Ruxolitinib,Ponatinib,0.2033898305084746
Ruxolitinib,Ruxolitinib,1.0
Ruxolitinib,Sorafenib,0.1111111111111111
Ruxolitinib,Tofacitinib,0.43478260869565216
Ruxolitinib,Trametinib,0.12903225806451613
Ruxolitinib,Vandetanib,0.2549019607843137
Ruxolitinib,Vemurafenib,0.2222222222222222
Sorafenib,Ceritinib,0.22807017543859648
Sorafenib,Ibrutinib,0.2
Sorafenib,Lenvatinib,0.4444444444444444
Sorafenib,Nintedanib,0.21818181818181817
Sorafenib,Regorafenib,0.9090909090909091
Sorafenib,Sunitinib,0.2037037037037037
Sorafenib,Afatinib,0.3157894736842105
Sorafenib,Axitinib,0.3333333333333333
Sorafenib,Bosutinib,0.20754716981132076
Sorafenib,Cabozantinib,0.42857142857142855
Sorafenib,Crizotinib,0.24074074074074073
Sorafenib,Dabrafenib,0.20754716981132076
Sorafenib,Dasatinib,0.3269230769230769
Sorafenib,Erlotinib,0.21739130434782608
Sorafenib,Gefitinib,0.27450980392156865
Sorafenib,Imatinib,0.29411764705882354
Sorafenib,Lapatinib,0.2727272727272727
Sorafenib,Nilotinib,0.3877551020408163
Sorafenib,Pazopanib,0.23076923076923078
Sorafenib,Ponatinib,0.39215686274509803
Sorafenib,Ruxolitinib,0.1111111111111111
Sorafenib,Sorafenib,1.0
Sorafenib,Tofacitinib,0.17857142857142858
Sorafenib,Trametinib,0.20689655172413793
Sorafenib,Vandetanib,0.18518518518518517
Sorafenib,Vemurafenib,0.29411764705882354
Tofacitinib,Ceritinib,0.1875
Tofacitinib,Ibrutinib,0.2857142857142857
Tofacitinib,Lenvatinib,0.24561403508771928
Tofacitinib,Nintedanib,0.2807017543859649
Tofacitinib,Regorafenib,0.1694915254237288
Tofacitinib,Sunitinib,0.18333333333333332
Tofacitinib,Afatinib,0.2857142857142857
Tofacitinib,Axitinib,0.24528301886792453
Tofacitinib,Bosutinib,0.25
Tofacitinib,Cabozantinib,0.2222222222222222
Tofacitinib,Crizotinib,0.1774193548387097
Tofacitinib,Dabrafenib,0.12903225806451613
Tofacitinib,Dasatinib,0.22950819672131148
Tofacitinib,Erlotinib,0.21568627450980393
Tofacitinib,Gefitinib,0.22413793103448276
Tofacitinib,Imatinib,0.2413793103448276
Tofacitinib,Lapatinib,0.16923076923076924
Tofacitinib,Nilotinib,0.1746031746031746
Tofacitinib,Pazopanib,0.22807017543859648
Tofacitinib,Ponatinib,0.24193548387096775
Tofacitinib,Ruxolitinib,0.43478260869565216
Tofacitinib,Sorafenib,0.17857142857142858
Tofacitinib,Tofacitinib,1.0
Tofacitinib,Trametinib,0.1875
Tofacitinib,Vandetanib,0.2727272727272727
Tofacitinib,Vemurafenib,0.2413793103448276
Trametinib,Ceritinib,0.21212121212121213
Trametinib,Ibrutinib,0.20634920634920634
Trametinib,Lenvatinib,0.22950819672131148
Trametinib,Nintedanib,0.26229508196721313
Trametinib,Regorafenib,0.25862068965517243
Trametinib,Sunitinib,0.22950819672131148
Trametinib,Afatinib,0.2878787878787879
Trametinib,Axitinib,0.16666666666666666
Trametinib,Bosutinib,0.15625
Trametinib,Cabozantinib,0.25
Trametinib,Crizotinib,0.203125
Trametinib,Dabrafenib,0.1746031746031746
Trametinib,Dasatinib,0.25396825396825395
Trametinib,Erlotinib,0.15789473684210525
Trametinib,Gefitinib,0.22950819672131148
Trametinib,Imatinib,0.3103448275862069
Trametinib,Lapatinib,0.19402985074626866
Trametinib,Nilotinib,0.3
Trametinib,Pazopanib,0.1935483870967742
Trametinib,Ponatinib,0.265625
Trametinib,Ruxolitinib,0.12903225806451613
Trametinib,Sorafenib,0.20689655172413793
Trametinib,Tofacitinib,0.1875
Trametinib,Trametinib,1.0
Trametinib,Vandetanib,0.27586206896551724
Trametinib,Vemurafenib,0.20634920634920634
Vandetanib,Ceritinib,0.27586206896551724
Vandetanib,Ibrutinib,0.20689655172413793
Vandetanib,Lenvatinib,0.35294117647058826
Vandetanib,Nintedanib,0.26785714285714285
Vandetanib,Regorafenib,0.24074074074074073
Vandetanib,Sunitinib,0.15
Vandetanib,Afatinib,0.4107142857142857
Vandetanib,Axitinib,0.16363636363636364
Vandetanib,Bosutinib,0.4782608695652174
Vandetanib,Cabozantinib,0.3617021276595745
Vandetanib,Crizotinib,0.2909090909090909
Vandetanib,Dabrafenib,0.19298245614035087
Vandetanib,Dasatinib,0.23728813559322035
Vandetanib,Erlotinib,0.3953488372093023
Vandetanib,Gefitinib,0.5681818181818182
Vandetanib,Imatinib,0.2962962962962963
Vandetanib,Lapatinib,0.34545454545454546
Vandetanib,Nilotinib,0.2
Vandetanib,Pazopanib,0.25925925925925924
Vandetanib,Ponatinib,0.25
Vandetanib,Ruxolitinib,0.2549019607843137
Vandetanib,Sorafenib,0.18518518518518517
Vandetanib,Tofacitinib,0.2727272727272727
Vandetanib,Trametinib,0.27586206896551724
Vandetanib,Vandetanib,1.0
Vandetanib,Vemurafenib,0.25
Vemurafenib,Ceritinib,0.26666666666666666
Vemurafenib,Ibrutinib,0.14285714285714285
Vemurafenib,Lenvatinib,0.2909090909090909
Vemurafenib,Nintedanib,0.1774193548387097
Vemurafenib,Regorafenib,0.35294117647058826
Vemurafenib,Sunitinib,0.26785714285714285
Vemurafenib,Afatinib,0.3064516129032258
Vemurafenib,Axitinib,0.2692307692307692
Vemurafenib,Bosutinib,0.22807017543859648
Vemurafenib,Cabozantinib,0.2692307692307692
Vemurafenib,Crizotinib,0.25862068965517243
Vemurafenib,Dabrafenib,0.2962962962962963
Vemurafenib,Dasatinib,0.25
Vemurafenib,Erlotinib,0.19230769230769232
Vemurafenib,Gefitinib,0.26785714285714285
Vemurafenib,Imatinib,0.2631578947368421
Vemurafenib,Lapatinib,0.3333333333333333
Vemurafenib,Nilotinib,0.2542372881355932
Vemurafenib,Pazopanib,0.20689655172413793
Vemurafenib,Ponatinib,0.2222222222222222
Vemurafenib,Ruxolitinib,0.2222222222222222
Vemurafenib,Sorafenib,0.29411764705882354
Vemurafenib,Tofacitinib,0.2413793103448276
Vemurafenib,Trametinib,0.20634920634920634
Vemurafenib,Vandetanib,0.25
Vemurafenib,Vemurafenib,1.0
